<xml xmlns="http://www.w3.org/1999/xhtml">
  <variables>
    <variable type="" id="J*nUZ%69mA(yiaj-/4Ht">x</variable>
    <variable type="" id="DSZ0(R9SB1!5pG~K8S7.">y</variable>
    <variable type="" id="D3K9=n6x6AoDbA+Oc.V)">tamaño</variable>
    <variable type="" id="%*MH0knj^E2k3|{8mjMF">altura</variable>
    <variable type="" id="qC-fq?CW:,L+7t+KX=y~">banderín</variable>
    <variable type="" id="j)m11*6_?M[Sh6}_IYF;">n°_columnas</variable>
    <variable type="" id="8HO=XaT5AY7axf=1(RS:">acumulación_x</variable>
    <variable type="" id="sz7Yyc!U{VtRRc]TG_VK">numeración</variable>
  </variables>
  <block type="procedures_defnoreturn" id="CTaN?zVbs|*q.k~z5qGk" x="-81" y="-894">
    <field name="NAME">constr. del banderín</field>
    <comment pinned="false" h="80" w="160">Describe this function...</comment>
    <statement name="STACK">
      <block type="draw_turn" id="ViK;{LjZj[#|op6y|22U">
        <field name="DIR">left</field>
        <value name="VALUE">
          <block type="math_number" id="yG^8:Eq=_SQ+eI!8@LDc">
            <field name="NUM">90</field>
          </block>
        </value>
        <next>
          <block type="draw_move" id="qu,abO0WVv;;3_s2Y%-P">
            <field name="DIR">forward</field>
            <value name="VALUE">
              <block type="math_arithmetic" id="Z?_BPiU|Z[Qyc1b/jj7c">
                <field name="OP">DIVIDE</field>
                <value name="A">
                  <block type="variables_get" id="N:[Z1T]ZX_{qg5tJ0UBw">
                    <field name="VAR" id="D3K9=n6x6AoDbA+Oc.V)" variabletype="">tamaño</field>
                  </block>
                </value>
                <value name="B">
                  <block type="math_number" id="jFe(8-ANO9cQcz4-1z`6">
                    <field name="NUM">2</field>
                  </block>
                </value>
              </block>
            </value>
            <next>
              <block type="draw_turn" id="{UMLlIMn:Al6)O!!Dy`G">
                <field name="DIR">right</field>
                <value name="VALUE">
                  <block type="math_number" id="l`#$N{1.qhVeE=[%_kj@">
                    <field name="NUM">90</field>
                  </block>
                </value>
                <next>
                  <block type="draw_move" id="m51eQ9{h#~By47.]BWQY">
                    <field name="DIR">forward</field>
                    <value name="VALUE">
                      <block type="variables_get" id="bjcOiu/dAu2~znaZa~UA">
                        <field name="VAR" id="D3K9=n6x6AoDbA+Oc.V)" variabletype="">tamaño</field>
                      </block>
                    </value>
                    <next>
                      <block type="draw_turn" id="=Mn^P+?ayj#Hx@,2}K/A">
                        <field name="DIR">left</field>
                        <value name="VALUE">
                          <block type="math_number" id="}YarWBqr;Q@i-,(zFUIF">
                            <field name="NUM">120</field>
                          </block>
                        </value>
                        <next>
                          <block type="draw_move" id="nRp7kCN_0:,qorW.gh7d">
                            <field name="DIR">forward</field>
                            <value name="VALUE">
                              <block type="math_arithmetic" id="N9^2J[.m.Rtm_tR4swTF">
                                <field name="OP">DIVIDE</field>
                                <value name="A">
                                  <block type="variables_get" id="$000tJ:3@(:?Gf?JXvT;">
                                    <field name="VAR" id="D3K9=n6x6AoDbA+Oc.V)" variabletype="">tamaño</field>
                                  </block>
                                </value>
                                <value name="B">
                                  <block type="math_number" id="=%y?W96cJ9,LMj|IgFko">
                                    <field name="NUM">2</field>
                                  </block>
                                </value>
                              </block>
                            </value>
                            <next>
                              <block type="draw_turn" id="!q[m-{:Y36x2#)pR:Yh]">
                                <field name="DIR">left</field>
                                <value name="VALUE">
                                  <block type="math_number" id=";IiBEBPbP}AR33ePVL*]">
                                    <field name="NUM">150</field>
                                  </block>
                                </value>
                                <next>
                                  <block type="draw_move" id="%Cq}G*NQy?nR3$Iq]CHT">
                                    <field name="DIR">forward</field>
                                    <value name="VALUE">
                                      <block type="math_arithmetic" id="=Sz!^UaT%k0$}B@uKow^">
                                        <field name="OP">DIVIDE</field>
                                        <value name="A">
                                          <block type="variables_get" id="8+Oyumh)y042A-eQAb6T">
                                            <field name="VAR" id="D3K9=n6x6AoDbA+Oc.V)" variabletype="">tamaño</field>
                                          </block>
                                        </value>
                                        <value name="B">
                                          <block type="math_number" id="1qzXi*uX=Z8(z$5Z:v/X">
                                            <field name="NUM">2.4</field>
                                          </block>
                                        </value>
                                      </block>
                                    </value>
                                    <next>
                                      <block type="draw_turn" id="Eaw=xLjsvdn|eu7%0k98">
                                        <field name="DIR">right</field>
                                        <value name="VALUE">
                                          <block type="math_number" id=")1f2yVReYkVQ38=e`DQP">
                                            <field name="NUM">90</field>
                                          </block>
                                        </value>
                                        <next>
                                          <block type="draw_pen" id="@3?1{Bs!FjK?9:6zk.VE">
                                            <field name="PEN">penup</field>
                                            <next>
                                              <block type="draw_turn" id="/Far6tx-yuiU+YRP8xe-">
                                                <field name="DIR">right</field>
                                                <value name="VALUE">
                                                  <block type="math_number" id="@Vy{NHt^IJH(dIBrOY1s">
                                                    <field name="NUM">180</field>
                                                  </block>
                                                </value>
                                              </block>
                                            </next>
                                          </block>
                                        </next>
                                      </block>
                                    </next>
                                  </block>
                                </next>
                              </block>
                            </next>
                          </block>
                        </next>
                      </block>
                    </next>
                  </block>
                </next>
              </block>
            </next>
          </block>
        </next>
      </block>
    </statement>
  </block>
  <block type="procedures_defnoreturn" id="!-jZ|$`^i/MyN`D61!*$" x="387" y="-878">
    <field name="NAME">avanzar</field>
    <comment pinned="false" h="80" w="160">Describe this function...</comment>
    <statement name="STACK">
      <block type="procedures_callnoreturn" id="*[|N@b69K_c7HRwu@vpa">
        <mutation name="retornar">
          <arg name="x"></arg>
          <arg name="y"></arg>
        </mutation>
        <value name="ARG0">
          <block type="math_number" id="m/%cv@/+M_B_2OO0o~w4">
            <field name="NUM">-150</field>
          </block>
        </value>
        <value name="ARG1">
          <block type="math_number" id=":#qJ#*t{rN_X$H8)S{(R">
            <field name="NUM">-150</field>
          </block>
        </value>
        <next>
          <block type="draw_turn" id="g2YNPl}=Wjq8NoP@G5%a">
            <field name="DIR">right</field>
            <value name="VALUE">
              <block type="math_number" id="fFvtJRcCL:v?Of:m{DR3">
                <field name="NUM">90</field>
              </block>
            </value>
            <next>
              <block type="draw_pen" id="8H2R.aP*ET#M?y2w?xXC">
                <field name="PEN">penup</field>
                <next>
                  <block type="draw_move" id="ekaPs(N,w@@^EuMA;:mY">
                    <field name="DIR">forward</field>
                    <value name="VALUE">
                      <block type="variables_get" id="8E=z:-ot,B]_]s6v;+~*">
                        <field name="VAR" id="D3K9=n6x6AoDbA+Oc.V)" variabletype="">tamaño</field>
                      </block>
                    </value>
                    <next>
                      <block type="procedures_callnoreturn" id="OjdvX%N)5tLOmq#n4U?}">
                        <mutation name="retornar">
                          <arg name="x"></arg>
                          <arg name="y"></arg>
                        </mutation>
                        <value name="ARG0">
                          <block type="variables_get" id="c`x_$)}%v[Xi_!fG*sGh">
                            <field name="VAR" id="8HO=XaT5AY7axf=1(RS:" variabletype="">acumulación_x</field>
                          </block>
                        </value>
                        <value name="ARG1">
                          <block type="math_number" id="Q_+$wZaLyMLq{G9u!=R{">
                            <field name="NUM">-150</field>
                          </block>
                        </value>
                        <next>
                          <block type="variables_set" id="BT`RE;ba[S*A2-#4;P-,">
                            <field name="VAR" id="8HO=XaT5AY7axf=1(RS:" variabletype="">acumulación_x</field>
                            <value name="VALUE">
                              <block type="math_arithmetic" id="4GoD+anqQPz!T6_7}J7i">
                                <field name="OP">ADD</field>
                                <value name="A">
                                  <block type="variables_get" id="dz|lnb0G:zhN-r^Qae!}">
                                    <field name="VAR" id="8HO=XaT5AY7axf=1(RS:" variabletype="">acumulación_x</field>
                                  </block>
                                </value>
                                <value name="B">
                                  <block type="variables_get" id="1|LdF6M/_:#FC|}Ni;6j">
                                    <field name="VAR" id="D3K9=n6x6AoDbA+Oc.V)" variabletype="">tamaño</field>
                                  </block>
                                </value>
                              </block>
                            </value>
                            <next>
                              <block type="draw_pen" id="c(-mx*i8DJN}qnW1~++z">
                                <field name="PEN">pendown</field>
                              </block>
                            </next>
                          </block>
                        </next>
                      </block>
                    </next>
                  </block>
                </next>
              </block>
            </next>
          </block>
        </next>
      </block>
    </statement>
  </block>
  <block type="procedures_defnoreturn" id="4K~tWv5;^,8egezc=,vl" x="-388" y="-577">
    <mutation>
      <arg name="x" varid="J*nUZ%69mA(yiaj-/4Ht"></arg>
      <arg name="y" varid="DSZ0(R9SB1!5pG~K8S7."></arg>
    </mutation>
    <field name="NAME">retornar</field>
    <comment pinned="false" h="80" w="160">Describe this function...</comment>
    <statement name="STACK">
      <block type="draw_pen" id="kn0M]f2XD-`l_R;T`NWf">
        <field name="PEN">penup</field>
        <next>
          <block type="goto" id="q)3Gw6?]0E3`]Vh}F9_=">
            <value name="X">
              <block type="variables_get" id="@zASucp]Jc-pJQYz/c1]">
                <field name="VAR" id="J*nUZ%69mA(yiaj-/4Ht" variabletype="">x</field>
              </block>
            </value>
            <value name="Y">
              <block type="variables_get" id="15b9bOb4s4|Uc7D?4jHu">
                <field name="VAR" id="DSZ0(R9SB1!5pG~K8S7." variabletype="">y</field>
              </block>
            </value>
            <next>
              <block type="draw_pen" id="ZBj$me5W@V@.eUwaV$iS">
                <field name="PEN">pendown</field>
              </block>
            </next>
          </block>
        </next>
      </block>
    </statement>
  </block>
  <block type="procedures_defnoreturn" id="WFURFzLO]AsS{31oYOgh" x="-60" y="-522">
    <field name="NAME">columna</field>
    <comment pinned="false" h="80" w="160">Describe this function...</comment>
    <statement name="STACK">
      <block type="draw_turn" id="E{=qoIhrBWsZA5A%jxz-">
        <field name="DIR">left</field>
        <value name="VALUE">
          <block type="math_number" id="t2NM%PP?-YM:0?[XM`Kg">
            <field name="NUM">90</field>
          </block>
        </value>
        <next>
          <block type="controls_repeat_ext" id="-RHEWYu-G(+g]u`@dX0-">
            <value name="TIMES">
              <block type="variables_get" id="x7X:#@#WxR1-`mkVu(x_">
                <field name="VAR" id="%*MH0knj^E2k3|{8mjMF" variabletype="">altura</field>
              </block>
            </value>
            <statement name="DO">
              <block type="procedures_callnoreturn" id="cnIaooi2QK+gz7suY:d/">
                <mutation name="cuadrado"></mutation>
                <next>
                  <block type="draw_move" id="wy*~`$}M@1AU7J=qJ#@_">
                    <field name="DIR">forward</field>
                    <value name="VALUE">
                      <block type="variables_get" id="@)9^C9etzM9Y?v3Lyf3b">
                        <field name="VAR" id="D3K9=n6x6AoDbA+Oc.V)" variabletype="">tamaño</field>
                      </block>
                    </value>
                  </block>
                </next>
              </block>
            </statement>
            <next>
              <block type="variables_set" id="P|gQSzhW8==]m-@QJzMj">
                <field name="VAR" id="qC-fq?CW:,L+7t+KX=y~" variabletype="">banderín</field>
                <value name="VALUE">
                  <block type="text_prompt" id="p9{E]Z!=V1*)G[tVjh^.">
                    <mutation type="NUMBER"></mutation>
                    <field name="TYPE">NUMBER</field>
                    <field name="TEXT">Si desea poner un banderín, marque 1</field>
                  </block>
                </value>
                <next>
                  <block type="controls_if" id="^^`bgXTh,nv;/Yw@H^-Q">
                    <value name="IF0">
                      <block type="logic_compare" id="2Kh8vPac?ad{q`@{wA1;">
                        <field name="OP">EQ</field>
                        <value name="A">
                          <block type="math_number" id="_+qTh*7GXN9QTz5[Vt(^">
                            <field name="NUM">1</field>
                          </block>
                        </value>
                        <value name="B">
                          <block type="variables_get" id="I`7~}Y=G3T}Ia3395-Gj">
                            <field name="VAR" id="qC-fq?CW:,L+7t+KX=y~" variabletype="">banderín</field>
                          </block>
                        </value>
                      </block>
                    </value>
                    <statement name="DO0">
                      <block type="procedures_callnoreturn" id="bz_=7R?`|s_+`9eFY#MN">
                        <mutation name="constr. del banderín"></mutation>
                      </block>
                    </statement>
                  </block>
                </next>
              </block>
            </next>
          </block>
        </next>
      </block>
    </statement>
  </block>
  <block type="procedures_defnoreturn" id="FZ_ftyMO$/Yy2B-+IVoS" x="-391" y="-424">
    <field name="NAME">cuadrado</field>
    <comment pinned="false" h="80" w="160">Describe this function...</comment>
    <statement name="STACK">
      <block type="controls_repeat_ext" id="yaFgB|r,YvKoa{$P^S.;">
        <value name="TIMES">
          <block type="math_number" id="CR[SOrjj}e`dFX|cL`{R">
            <field name="NUM">4</field>
          </block>
        </value>
        <statement name="DO">
          <block type="draw_move" id=".+~~*aUI-V%WrLG~7YmK">
            <field name="DIR">forward</field>
            <value name="VALUE">
              <block type="variables_get" id="OLmeZ9bVH`J)^nGFT.0;">
                <field name="VAR" id="D3K9=n6x6AoDbA+Oc.V)" variabletype="">tamaño</field>
              </block>
            </value>
            <next>
              <block type="draw_turn" id="/YVKpK#@Qn4v++.]kfc_">
                <field name="DIR">left</field>
                <value name="VALUE">
                  <block type="math_number" id="g:[YBv9*+pH2B[MLoGd)">
                    <field name="NUM">90</field>
                  </block>
                </value>
              </block>
            </next>
          </block>
        </statement>
      </block>
    </statement>
  </block>
  <block type="draw_shape" id="vz=)yO+PJcG_{j|nNAdg" x="-410" y="-209">
    <field name="SHAPE">turtle</field>
    <next>
      <block type="text_print" id="QPrL^k:rEH8c7k[/|qpT">
        <value name="TEXT">
          <block type="text" id="*[NR$v@q$*-b`78()u?N">
            <field name="TEXT">¡Hola! Soy KIWI, me encanta construir, responde mis preguntas y haré tu dibujo</field>
          </block>
        </value>
        <next>
          <block type="variables_set" id="(T7*J;vV8lPdwZ!qc4tm">
            <field name="VAR" id="D3K9=n6x6AoDbA+Oc.V)" variabletype="">tamaño</field>
            <value name="VALUE">
              <block type="text_prompt" id="kQNXpbVXxCIxsAAC_}k(">
                <mutation type="NUMBER"></mutation>
                <field name="TYPE">NUMBER</field>
                <field name="TEXT">¿Longitud del lado del cuadrado?</field>
              </block>
            </value>
            <next>
              <block type="variables_set" id="t}x(WL0d(SFd?d?K8[Mh">
                <field name="VAR" id="j)m11*6_?M[Sh6}_IYF;" variabletype="">n°_columnas</field>
                <value name="VALUE">
                  <block type="text_prompt" id="GPbFu4d/]g^waresg$V`">
                    <mutation type="NUMBER"></mutation>
                    <field name="TYPE">NUMBER</field>
                    <field name="TEXT">¿Cantidad de columnas que desea?</field>
                  </block>
                </value>
                <next>
                  <block type="draw_speed" id="K4T10R*j;D+J.E._D$:3">
                    <value name="VALUE">
                      <block type="math_number" id="Hr]qwSI4:]wu@.OmDUp6">
                        <field name="NUM">5</field>
                      </block>
                    </value>
                    <next>
                      <block type="procedures_callnoreturn" id="pcM@q_8~4J%!!.rb+Tv%">
                        <mutation name="retornar">
                          <arg name="x"></arg>
                          <arg name="y"></arg>
                        </mutation>
                        <value name="ARG0">
                          <block type="math_number" id="7iaXzDgcz.FH_1uQUuN2">
                            <field name="NUM">-150</field>
                          </block>
                        </value>
                        <value name="ARG1">
                          <block type="math_number" id="pi)n$D^PSE1Lly$;@FSH">
                            <field name="NUM">-150</field>
                          </block>
                        </value>
                        <next>
                          <block type="variables_set" id="~R6(@/)O-19Rq~vuI_hz">
                            <field name="VAR" id="8HO=XaT5AY7axf=1(RS:" variabletype="">acumulación_x</field>
                            <value name="VALUE">
                              <block type="math_arithmetic" id="]_Lsy9MLPvX5I`?S-d2V">
                                <field name="OP">ADD</field>
                                <value name="A">
                                  <block type="variables_get" id="95w3]900BknsYw3YK#B!">
                                    <field name="VAR" id="D3K9=n6x6AoDbA+Oc.V)" variabletype="">tamaño</field>
                                  </block>
                                </value>
                                <value name="B">
                                  <block type="math_number" id="XN)7ZfL97V4*El,q6}Z*">
                                    <field name="NUM">-150</field>
                                  </block>
                                </value>
                              </block>
                            </value>
                            <next>
                              <block type="variables_set" id="@/m-aZtXD8FA^,i]@~n8">
                                <field name="VAR" id="sz7Yyc!U{VtRRc]TG_VK" variabletype="">numeración</field>
                                <value name="VALUE">
                                  <block type="math_number" id=")ENa6bPR#HZaP/ONm`TJ">
                                    <field name="NUM">0</field>
                                  </block>
                                </value>
                                <next>
                                  <block type="controls_repeat_ext" id="d:Vo+3snOfs(chrsT-**">
                                    <value name="TIMES">
                                      <block type="variables_get" id="pZU[VfNuk_V=XVYxVsw`">
                                        <field name="VAR" id="j)m11*6_?M[Sh6}_IYF;" variabletype="">n°_columnas</field>
                                      </block>
                                    </value>
                                    <statement name="DO">
                                      <block type="variables_set" id="**Ga+V:n7CpS@/2_qfoa">
                                        <field name="VAR" id="sz7Yyc!U{VtRRc]TG_VK" variabletype="">numeración</field>
                                        <value name="VALUE">
                                          <block type="math_arithmetic" id=")jCEBr8hz=m#G+w)-=%N">
                                            <field name="OP">ADD</field>
                                            <value name="A">
                                              <block type="variables_get" id="z~Jw:m)eXOGi[zUE[O!N">
                                                <field name="VAR" id="sz7Yyc!U{VtRRc]TG_VK" variabletype="">numeración</field>
                                              </block>
                                            </value>
                                            <value name="B">
                                              <block type="math_number" id="9AIvYp*n(fECm[L+|Nq1">
                                                <field name="NUM">1</field>
                                              </block>
                                            </value>
                                          </block>
                                        </value>
                                        <next>
                                          <block type="variables_set" id="55pn639ml=HyqLn3tC^P">
                                            <field name="VAR" id="%*MH0knj^E2k3|{8mjMF" variabletype="">altura</field>
                                            <value name="VALUE">
                                              <block type="text_prompt_ext" id="(z^W$WQyQ12J+i};YO|:">
                                                <mutation type="NUMBER"></mutation>
                                                <field name="TYPE">NUMBER</field>
                                                <value name="TEXT">
                                                  <block type="text_join" id="PO!kLw`S;~eJze2e1((z">
                                                    <mutation items="2"></mutation>
                                                    <value name="ADD0">
                                                      <block type="text" id="8HOa%G9y=|}eV~C5!p`a">
                                                        <field name="TEXT">Altura de la columna </field>
                                                      </block>
                                                    </value>
                                                    <value name="ADD1">
                                                      <block type="variables_get" id="oIVO`i6(s%_Gz,S+Pj7@">
                                                        <field name="VAR" id="sz7Yyc!U{VtRRc]TG_VK" variabletype="">numeración</field>
                                                      </block>
                                                    </value>
                                                  </block>
                                                </value>
                                              </block>
                                            </value>
                                            <next>
                                              <block type="procedures_callnoreturn" id="0AS4rCD#p(ZEFg%%eSi9">
                                                <mutation name="columna"></mutation>
                                                <next>
                                                  <block type="procedures_callnoreturn" id="QR*ixrTIhSGVzLR8xt#{">
                                                    <mutation name="avanzar"></mutation>
                                                  </block>
                                                </next>
                                              </block>
                                            </next>
                                          </block>
                                        </next>
                                      </block>
                                    </statement>
                                    <next>
                                      <block type="text_print" id="CcQK;V$vdltN6Yk^1O]M">
                                        <value name="TEXT">
                                          <block type="text" id="HT[]EPx_h?Qe34-7[7[]">
                                            <field name="TEXT">¡Bonita construcción hiciste! :3</field>
                                          </block>
                                        </value>
                                      </block>
                                    </next>
                                  </block>
                                </next>
                              </block>
                            </next>
                          </block>
                        </next>
                      </block>
                    </next>
                  </block>
                </next>
              </block>
            </next>
          </block>
        </next>
      </block>
    </next>
  </block>
</xml>